Stand,action,2300,2019,https://www.youtube.com/watch?v=abc123
Phoenix,action,1800,2020,https://www.youtube.com/watch?v=def456
Red,animation,1212,2010,https://www.youtube.com/watch?v=ghi789
Wars,action,131331,2019,https://www.youtube.com/watch?v=jkl012
Rogue,animation,1111,2003,https://www.youtube.com/watch?v=mno345
Conjuring,horror,950849,2016,https://www.youtube.com/watch?v=pqr678
After,drama,11,2020,https://www.youtube.com/watch?v=rst890
You,drama,3857,2016,https://www.youtube.com/watch?v=rfafa
Champions,sport,144141,2009,https://www.youtube.com/watch?v=14afq
Underdog,sport,1111,2011,https://www.youtube.com/watch?v=1515dfa
Game,sport,1515,2015,https://www.youtube.com/watch?v=radfad
